train_loss,epoch,step
5.445398330688477,0,49
5.233622074127197,0,99
4.853555679321289,0,149
4.972436904907227,0,199
